{"epoch": 1430, "sac/log_pi": 3.116694450378418, "sac/policy_loss": -248.8767852783203, "sac/qf1_loss": 2.239027500152588, "sac/qf2_loss": 2.1667349338531494, "sac/alpha_loss": 0.11845387518405914, "sac/alpha": 0.36237454414367676, "sac/average_qf1": 249.74307250976562, "sac/average_qf2": 249.96665954589844, "sac/average_target_q": 251.2661895751953, "sac/total_steps": 1431000, "sac/cql/cql_std_q1": 7.645535469055176, "sac/cql/cql_std_q2": 7.689827919006348, "sac/cql/cql_q1_rand": 235.9166259765625, "sac/cql/cql_q2_rand": 236.0786590576172, "sac/cql/cql_min_qf1_loss": 6.133660316467285, "sac/cql/cql_min_qf2_loss": 6.413458824157715, "sac/cql/cql_qf1_diff": 1.2267320156097412, "sac/cql/cql_qf2_diff": 1.2826917171478271, "sac/cql/cql_q1_current_actions": 250.2827606201172, "sac/cql/cql_q2_current_actions": 250.5518798828125, "sac/cql/cql_q1_next_actions": 247.8351593017578, "sac/cql/cql_q2_next_actions": 248.130859375, "sac/cql/alpha_prime_loss": 0.0, "sac/cql/alpha_prime": 0.0, "train_time": 22.71080756187439, "eval_time": 1.1920928955078125e-05, "epoch_time": 22.710819482803345, "_timestamp": 1686149224.7379742, "_runtime": 34311.486973285675, "_step": 1430}