{"env_steps": 1000000, "epoch": 999, "sac/log_pi": 3.454591751098633, "sac/policy_loss": -315.3331298828125, "sac/qf1_loss": 4.212357997894287, "sac/qf2_loss": 4.722491264343262, "sac/alpha_loss": 1.663094401359558, "sac/alpha": 0.025772826746106148, "sac/average_qf1": 315.2901611328125, "sac/average_qf2": 315.41351318359375, "sac/average_target_q": 314.3992919921875, "sac/total_steps": 1000000, "average_return": 3532.219482421875, "average_traj_length": 1000.0, "rollout_time": 1.392758846282959, "train_time": 11.893074750900269, "eval_time": 8.043201446533203, "epoch_time": 21.32903504371643, "_timestamp": 1686164966.924072, "_runtime": 14276.430247068405, "_step": 999, "_wandb": {"runtime": 14275}}